"image_id","folder","image_url","masking_url","length_pred","waist_pred","length_conf","waist_conf","total_conf"
"1040108","street","https://pub-5966bf5d84f948c983500b6d9547eec9.r2.dev/image/street/1040108.jpg","https://pub-5966bf5d84f948c983500b6d9547eec9.r2.dev/masking_data/1040108_bottom.jpg","판별불가","normal","0.2328","0.4903","0.7232"
"820066","feminine","https://pub-5966bf5d84f948c983500b6d9547eec9.r2.dev/image/feminine/820066.jpg","https://pub-5966bf5d84f948c983500b6d9547eec9.r2.dev/masking_data/820066_bottom.jpg","발목","판별불가","0.315","0.4653","0.7802"
"1215115","street","https://pub-5966bf5d84f948c983500b6d9547eec9.r2.dev/image/street/1215115.jpg","https://pub-5966bf5d84f948c983500b6d9547eec9.r2.dev/masking_data/1215115_bottom.jpg","미디","normal","0.367","0.4209","0.7879"
"682290","street","https://pub-5966bf5d84f948c983500b6d9547eec9.r2.dev/image/street/682290.jpg","https://pub-5966bf5d84f948c983500b6d9547eec9.r2.dev/masking_data/682290_bottom.jpg","숏","판별불가","0.3018","0.3832","0.6849"
"1098035","sophisticated","https://pub-5966bf5d84f948c983500b6d9547eec9.r2.dev/image/sophisticated/1098035.jpg","https://pub-5966bf5d84f948c983500b6d9547eec9.r2.dev/masking_data/1098035_bottom.jpg","카프리","normal","0.2638","0.5279","0.7917"
"238256","feminine","https://pub-5966bf5d84f948c983500b6d9547eec9.r2.dev/image/feminine/238256.jpg","https://pub-5966bf5d84f948c983500b6d9547eec9.r2.dev/masking_data/238256_bottom.jpg","초숏","하이웨이스트","0.3376","0.4519","0.7896"
"391855","street","https://pub-5966bf5d84f948c983500b6d9547eec9.r2.dev/image/street/391855.jpg","https://pub-5966bf5d84f948c983500b6d9547eec9.r2.dev/masking_data/391855_bottom.jpg","버뮤다","판별불가","0.3518","0.3963","0.7481"
"102391","sophisticated","https://pub-5966bf5d84f948c983500b6d9547eec9.r2.dev/image/sophisticated/102391.jpg","https://pub-5966bf5d84f948c983500b6d9547eec9.r2.dev/masking_data/102391_bottom.jpg","맥시","normal","0.3425","0.4578","0.8004"
"816878","feminine","https://pub-5966bf5d84f948c983500b6d9547eec9.r2.dev/image/feminine/816878.jpg","https://pub-5966bf5d84f948c983500b6d9547eec9.r2.dev/masking_data/816878_bottom.jpg","판별불가","판별불가","0.3005","0.4498","0.7504"
"1162958","romantic","https://pub-5966bf5d84f948c983500b6d9547eec9.r2.dev/image/romantic/1162958.jpg","https://pub-5966bf5d84f948c983500b6d9547eec9.r2.dev/masking_data/1162958_bottom.jpg","발목","normal","0.3499","0.4517","0.8016"
"1283624","hippie","https://pub-5966bf5d84f948c983500b6d9547eec9.r2.dev/image/hippie/1283624.jpg","https://pub-5966bf5d84f948c983500b6d9547eec9.r2.dev/masking_data/1283624_bottom.jpg","미디","판별불가","0.4139","0.4163","0.8302"
"1294836","romantic","https://pub-5966bf5d84f948c983500b6d9547eec9.r2.dev/image/romantic/1294836.jpg","https://pub-5966bf5d84f948c983500b6d9547eec9.r2.dev/masking_data/1294836_bottom.jpg","숏","normal","0.3074","0.5121","0.8195"
"1216215","romantic","https://pub-5966bf5d84f948c983500b6d9547eec9.r2.dev/image/romantic/1216215.jpg","https://pub-5966bf5d84f948c983500b6d9547eec9.r2.dev/masking_data/1216215_bottom.jpg","카프리","normal","0.3565","0.4379","0.7944"
"1298683","resort","https://pub-5966bf5d84f948c983500b6d9547eec9.r2.dev/image/resort/1298683.jpg","https://pub-5966bf5d84f948c983500b6d9547eec9.r2.dev/masking_data/1298683_bottom.jpg","초숏","normal","0.362","0.5116","0.8736"
"231706","street","https://pub-5966bf5d84f948c983500b6d9547eec9.r2.dev/image/street/231706.jpg","https://pub-5966bf5d84f948c983500b6d9547eec9.r2.dev/masking_data/231706_bottom.jpg","버뮤다","판별불가","0.2488","0.5064","0.7552"
"917470","resort","https://pub-5966bf5d84f948c983500b6d9547eec9.r2.dev/image/resort/917470.jpg","https://pub-5966bf5d84f948c983500b6d9547eec9.r2.dev/masking_data/917470_bottom.jpg","맥시","판별불가","0.2416","0.5781","0.8197"
"58420","classic","https://pub-5966bf5d84f948c983500b6d9547eec9.r2.dev/image/classic/58420.jpg","https://pub-5966bf5d84f948c983500b6d9547eec9.r2.dev/masking_data/58420_bottom.jpg","판별불가","normal","0.3887","0.402","0.7907"
"67647","modern","https://pub-5966bf5d84f948c983500b6d9547eec9.r2.dev/image/modern/67647.jpg","https://pub-5966bf5d84f948c983500b6d9547eec9.r2.dev/masking_data/67647_bottom.jpg","발목","normal","0.2273","0.5883","0.8156"
"1216524","romantic","https://pub-5966bf5d84f948c983500b6d9547eec9.r2.dev/image/romantic/1216524.jpg","https://pub-5966bf5d84f948c983500b6d9547eec9.r2.dev/masking_data/1216524_bottom.jpg","미디","normal","0.408","0.4322","0.8402"
"547789","modern","https://pub-5966bf5d84f948c983500b6d9547eec9.r2.dev/image/modern/547789.jpg","https://pub-5966bf5d84f948c983500b6d9547eec9.r2.dev/masking_data/547789_bottom.jpg","숏","판별불가","0.2788","0.5594","0.8383"
"1260815","street","https://pub-5966bf5d84f948c983500b6d9547eec9.r2.dev/image/street/1260815.jpg","https://pub-5966bf5d84f948c983500b6d9547eec9.r2.dev/masking_data/1260815_bottom.jpg","카프리","판별불가","0.2577","0.5417","0.7994"
"999772","hippie","https://pub-5966bf5d84f948c983500b6d9547eec9.r2.dev/image/hippie/999772.jpg","https://pub-5966bf5d84f948c983500b6d9547eec9.r2.dev/masking_data/999772_bottom.jpg","초숏","normal","0.4633","0.439","0.9023"
"1121812","feminine","https://pub-5966bf5d84f948c983500b6d9547eec9.r2.dev/image/feminine/1121812.jpg","https://pub-5966bf5d84f948c983500b6d9547eec9.r2.dev/masking_data/1121812_bottom.jpg","버뮤다","판별불가","0.3056","0.457","0.7627"
"1037134","street","https://pub-5966bf5d84f948c983500b6d9547eec9.r2.dev/image/street/1037134.jpg","https://pub-5966bf5d84f948c983500b6d9547eec9.r2.dev/masking_data/1037134_bottom.jpg","맥시","normal","0.274","0.5841","0.8582"
"894624","street","https://pub-5966bf5d84f948c983500b6d9547eec9.r2.dev/image/street/894624.jpg","https://pub-5966bf5d84f948c983500b6d9547eec9.r2.dev/masking_data/894624_bottom.jpg","판별불가","판별불가","0.2576","0.5783","0.8359"
"56151","sporty","https://pub-5966bf5d84f948c983500b6d9547eec9.r2.dev/image/sporty/56151.jpg","https://pub-5966bf5d84f948c983500b6d9547eec9.r2.dev/masking_data/56151_bottom.jpg","발목","판별불가","0.3731","0.4519","0.825"
"1250317","resort","https://pub-5966bf5d84f948c983500b6d9547eec9.r2.dev/image/resort/1250317.jpg","https://pub-5966bf5d84f948c983500b6d9547eec9.r2.dev/masking_data/1250317_bottom.jpg","미디","판별불가","0.3172","0.5417","0.8588"
"562069","hippie","https://pub-5966bf5d84f948c983500b6d9547eec9.r2.dev/image/hippie/562069.jpg","https://pub-5966bf5d84f948c983500b6d9547eec9.r2.dev/masking_data/562069_bottom.jpg","숏","normal","0.3128","0.5381","0.8509"
"931565","street","https://pub-5966bf5d84f948c983500b6d9547eec9.r2.dev/image/street/931565.jpg","https://pub-5966bf5d84f948c983500b6d9547eec9.r2.dev/masking_data/931565_bottom.jpg","카프리","판별불가","0.352","0.4641","0.8161"
"204320","modern","https://pub-5966bf5d84f948c983500b6d9547eec9.r2.dev/image/modern/204320.jpg","https://pub-5966bf5d84f948c983500b6d9547eec9.r2.dev/masking_data/204320_bottom.jpg","초숏","판별불가","0.398","0.5118","0.9098"
"1015054","romantic","https://pub-5966bf5d84f948c983500b6d9547eec9.r2.dev/image/romantic/1015054.jpg","https://pub-5966bf5d84f948c983500b6d9547eec9.r2.dev/masking_data/1015054_bottom.jpg","버뮤다","판별불가","0.3757","0.4186","0.7943"
"726922","street","https://pub-5966bf5d84f948c983500b6d9547eec9.r2.dev/image/street/726922.jpg","https://pub-5966bf5d84f948c983500b6d9547eec9.r2.dev/masking_data/726922_bottom.jpg","맥시","판별불가","0.4112","0.4519","0.8632"
"721956","feminine","https://pub-5966bf5d84f948c983500b6d9547eec9.r2.dev/image/feminine/721956.jpg","https://pub-5966bf5d84f948c983500b6d9547eec9.r2.dev/masking_data/721956_bottom.jpg","판별불가","판별불가","0.2437","0.5949","0.8386"
"476102","resort","https://pub-5966bf5d84f948c983500b6d9547eec9.r2.dev/image/resort/476102.jpg","https://pub-5966bf5d84f948c983500b6d9547eec9.r2.dev/masking_data/476102_bottom.jpg","발목","판별불가","0.2596","0.5855","0.8451"
"1216138","feminine","https://pub-5966bf5d84f948c983500b6d9547eec9.r2.dev/image/feminine/1216138.jpg","https://pub-5966bf5d84f948c983500b6d9547eec9.r2.dev/masking_data/1216138_bottom.jpg","미디","normal","0.5057","0.3705","0.8762"
"561552","retro","https://pub-5966bf5d84f948c983500b6d9547eec9.r2.dev/image/retro/561552.jpg","https://pub-5966bf5d84f948c983500b6d9547eec9.r2.dev/masking_data/561552_bottom.jpg","숏","판별불가","0.344","0.5253","0.8692"
"754546","sophisticated","https://pub-5966bf5d84f948c983500b6d9547eec9.r2.dev/image/sophisticated/754546.jpg","https://pub-5966bf5d84f948c983500b6d9547eec9.r2.dev/masking_data/754546_bottom.jpg","카프리","normal","0.3526","0.4732","0.8259"
"809803","street","https://pub-5966bf5d84f948c983500b6d9547eec9.r2.dev/image/street/809803.jpg","https://pub-5966bf5d84f948c983500b6d9547eec9.r2.dev/masking_data/809803_bottom.jpg","초숏","하이웨이스트","0.5348","0.3868","0.9216"
"118373","street","https://pub-5966bf5d84f948c983500b6d9547eec9.r2.dev/image/street/118373.jpg","https://pub-5966bf5d84f948c983500b6d9547eec9.r2.dev/masking_data/118373_bottom.jpg","버뮤다","판별불가","0.2624","0.6208","0.8832"
"401126","street","https://pub-5966bf5d84f948c983500b6d9547eec9.r2.dev/image/street/401126.jpg","https://pub-5966bf5d84f948c983500b6d9547eec9.r2.dev/masking_data/401126_bottom.jpg","맥시","판별불가","0.4134","0.457","0.8704"
"946956","sophisticated","https://pub-5966bf5d84f948c983500b6d9547eec9.r2.dev/image/sophisticated/946956.jpg","https://pub-5966bf5d84f948c983500b6d9547eec9.r2.dev/masking_data/946956_bottom.jpg","판별불가","판별불가","0.3474","0.4955","0.8429"
"139009","street","https://pub-5966bf5d84f948c983500b6d9547eec9.r2.dev/image/street/139009.jpg","https://pub-5966bf5d84f948c983500b6d9547eec9.r2.dev/masking_data/139009_bottom.jpg","발목","normal","0.2423","0.6193","0.8616"
"1117286","feminine","https://pub-5966bf5d84f948c983500b6d9547eec9.r2.dev/image/feminine/1117286.jpg","https://pub-5966bf5d84f948c983500b6d9547eec9.r2.dev/masking_data/1117286_bottom.jpg","미디","판별불가","0.2989","0.6048","0.9037"
"1191173","street","https://pub-5966bf5d84f948c983500b6d9547eec9.r2.dev/image/street/1191173.jpg","https://pub-5966bf5d84f948c983500b6d9547eec9.r2.dev/masking_data/1191173_bottom.jpg","숏","normal","0.4434","0.4344","0.8778"
"785495","romantic","https://pub-5966bf5d84f948c983500b6d9547eec9.r2.dev/image/romantic/785495.jpg","https://pub-5966bf5d84f948c983500b6d9547eec9.r2.dev/masking_data/785495_bottom.jpg","카프리","하이웨이스트","0.3119","0.5581","0.87"
"1179246","feminine","https://pub-5966bf5d84f948c983500b6d9547eec9.r2.dev/image/feminine/1179246.jpg","https://pub-5966bf5d84f948c983500b6d9547eec9.r2.dev/masking_data/1179246_bottom.jpg","초숏","판별불가","0.2496","0.6787","0.9284"
"1173115","street","https://pub-5966bf5d84f948c983500b6d9547eec9.r2.dev/image/street/1173115.jpg","https://pub-5966bf5d84f948c983500b6d9547eec9.r2.dev/masking_data/1173115_bottom.jpg","버뮤다","normal","0.2461","0.6414","0.8875"
"984158","modern","https://pub-5966bf5d84f948c983500b6d9547eec9.r2.dev/image/modern/984158.jpg","https://pub-5966bf5d84f948c983500b6d9547eec9.r2.dev/masking_data/984158_bottom.jpg","맥시","normal","0.3696","0.5218","0.8914"
"895825","modern","https://pub-5966bf5d84f948c983500b6d9547eec9.r2.dev/image/modern/895825.jpg","https://pub-5966bf5d84f948c983500b6d9547eec9.r2.dev/masking_data/895825_bottom.jpg","판별불가","normal","0.4116","0.4637","0.8753"
"689951","country","https://pub-5966bf5d84f948c983500b6d9547eec9.r2.dev/image/country/689951.jpg","https://pub-5966bf5d84f948c983500b6d9547eec9.r2.dev/masking_data/689951_bottom.jpg","발목","판별불가","0.4032","0.459","0.8622"
"497709","street","https://pub-5966bf5d84f948c983500b6d9547eec9.r2.dev/image/street/497709.jpg","https://pub-5966bf5d84f948c983500b6d9547eec9.r2.dev/masking_data/497709_bottom.jpg","미디","normal","0.3142","0.5968","0.911"
"1159980","street","https://pub-5966bf5d84f948c983500b6d9547eec9.r2.dev/image/street/1159980.jpg","https://pub-5966bf5d84f948c983500b6d9547eec9.r2.dev/masking_data/1159980_bottom.jpg","숏","하이웨이스트","0.4605","0.4406","0.9011"
"1323047","resort","https://pub-5966bf5d84f948c983500b6d9547eec9.r2.dev/image/resort/1323047.jpg","https://pub-5966bf5d84f948c983500b6d9547eec9.r2.dev/masking_data/1323047_bottom.jpg","카프리","normal","0.3074","0.5752","0.8825"
"828264","romantic","https://pub-5966bf5d84f948c983500b6d9547eec9.r2.dev/image/romantic/828264.jpg","https://pub-5966bf5d84f948c983500b6d9547eec9.r2.dev/masking_data/828264_bottom.jpg","초숏","하이웨이스트","0.4695","0.488","0.9575"
"114743","feminine","https://pub-5966bf5d84f948c983500b6d9547eec9.r2.dev/image/feminine/114743.jpg","https://pub-5966bf5d84f948c983500b6d9547eec9.r2.dev/masking_data/114743_bottom.jpg","버뮤다","판별불가","0.3814","0.5133","0.8947"
"839612","feminine","https://pub-5966bf5d84f948c983500b6d9547eec9.r2.dev/image/feminine/839612.jpg","https://pub-5966bf5d84f948c983500b6d9547eec9.r2.dev/masking_data/839612_bottom.jpg","맥시","판별불가","0.2379","0.6812","0.9192"
"425776","modern","https://pub-5966bf5d84f948c983500b6d9547eec9.r2.dev/image/modern/425776.jpg","https://pub-5966bf5d84f948c983500b6d9547eec9.r2.dev/masking_data/425776_bottom.jpg","판별불가","판별불가","0.3371","0.5454","0.8825"
"424733","street","https://pub-5966bf5d84f948c983500b6d9547eec9.r2.dev/image/street/424733.jpg","https://pub-5966bf5d84f948c983500b6d9547eec9.r2.dev/masking_data/424733_bottom.jpg","발목","normal","0.3396","0.523","0.8626"
"1135559","modern","https://pub-5966bf5d84f948c983500b6d9547eec9.r2.dev/image/modern/1135559.jpg","https://pub-5966bf5d84f948c983500b6d9547eec9.r2.dev/masking_data/1135559_bottom.jpg","미디","판별불가","0.3875","0.5389","0.9264"
"768219","modern","https://pub-5966bf5d84f948c983500b6d9547eec9.r2.dev/image/modern/768219.jpg","https://pub-5966bf5d84f948c983500b6d9547eec9.r2.dev/masking_data/768219_bottom.jpg","숏","하이웨이스트","0.3629","0.5582","0.9211"
"242716","romantic","https://pub-5966bf5d84f948c983500b6d9547eec9.r2.dev/image/romantic/242716.jpg","https://pub-5966bf5d84f948c983500b6d9547eec9.r2.dev/masking_data/242716_bottom.jpg","카프리","normal","0.5608","0.3405","0.9013"
"1259332","resort","https://pub-5966bf5d84f948c983500b6d9547eec9.r2.dev/image/resort/1259332.jpg","https://pub-5966bf5d84f948c983500b6d9547eec9.r2.dev/masking_data/1259332_bottom.jpg","초숏","normal","0.4587","0.5082","0.9669"
"1086991","street","https://pub-5966bf5d84f948c983500b6d9547eec9.r2.dev/image/street/1086991.jpg","https://pub-5966bf5d84f948c983500b6d9547eec9.r2.dev/masking_data/1086991_bottom.jpg","버뮤다","판별불가","0.4059","0.4917","0.8976"
"1273665","street","https://pub-5966bf5d84f948c983500b6d9547eec9.r2.dev/image/street/1273665.jpg","https://pub-5966bf5d84f948c983500b6d9547eec9.r2.dev/masking_data/1273665_bottom.jpg","맥시","normal","0.4464","0.478","0.9244"
"1326072","street","https://pub-5966bf5d84f948c983500b6d9547eec9.r2.dev/image/street/1326072.jpg","https://pub-5966bf5d84f948c983500b6d9547eec9.r2.dev/masking_data/1326072_bottom.jpg","판별불가","판별불가","0.3143","0.5814","0.8957"
"239724","resort","https://pub-5966bf5d84f948c983500b6d9547eec9.r2.dev/image/resort/239724.jpg","https://pub-5966bf5d84f948c983500b6d9547eec9.r2.dev/masking_data/239724_bottom.jpg","발목","normal","0.3738","0.4934","0.8672"
"510373","street","https://pub-5966bf5d84f948c983500b6d9547eec9.r2.dev/image/street/510373.jpg","https://pub-5966bf5d84f948c983500b6d9547eec9.r2.dev/masking_data/510373_bottom.jpg","미디","normal","0.3505","0.5763","0.9268"
"621960","street","https://pub-5966bf5d84f948c983500b6d9547eec9.r2.dev/image/street/621960.jpg","https://pub-5966bf5d84f948c983500b6d9547eec9.r2.dev/masking_data/621960_bottom.jpg","숏","normal","0.4339","0.5197","0.9536"
"164523","modern","https://pub-5966bf5d84f948c983500b6d9547eec9.r2.dev/image/modern/164523.jpg","https://pub-5966bf5d84f948c983500b6d9547eec9.r2.dev/masking_data/164523_bottom.jpg","카프리","normal","0.2805","0.6292","0.9097"
"1317385","resort","https://pub-5966bf5d84f948c983500b6d9547eec9.r2.dev/image/resort/1317385.jpg","https://pub-5966bf5d84f948c983500b6d9547eec9.r2.dev/masking_data/1317385_bottom.jpg","초숏","normal","0.3489","0.6197","0.9686"
"248371","street","https://pub-5966bf5d84f948c983500b6d9547eec9.r2.dev/image/street/248371.jpg","https://pub-5966bf5d84f948c983500b6d9547eec9.r2.dev/masking_data/248371_bottom.jpg","버뮤다","판별불가","0.2674","0.6393","0.9067"
"594192","street","https://pub-5966bf5d84f948c983500b6d9547eec9.r2.dev/image/street/594192.jpg","https://pub-5966bf5d84f948c983500b6d9547eec9.r2.dev/masking_data/594192_bottom.jpg","맥시","normal","0.387","0.5437","0.9307"
"1146990","street","https://pub-5966bf5d84f948c983500b6d9547eec9.r2.dev/image/street/1146990.jpg","https://pub-5966bf5d84f948c983500b6d9547eec9.r2.dev/masking_data/1146990_bottom.jpg","판별불가","normal","0.3015","0.6012","0.9027"
"1098954","modern","https://pub-5966bf5d84f948c983500b6d9547eec9.r2.dev/image/modern/1098954.jpg","https://pub-5966bf5d84f948c983500b6d9547eec9.r2.dev/masking_data/1098954_bottom.jpg","발목","하이웨이스트","0.3981","0.4744","0.8725"
"725926","country","https://pub-5966bf5d84f948c983500b6d9547eec9.r2.dev/image/country/725926.jpg","https://pub-5966bf5d84f948c983500b6d9547eec9.r2.dev/masking_data/725926_bottom.jpg","미디","normal","0.4238","0.5243","0.9481"
"840046","feminine","https://pub-5966bf5d84f948c983500b6d9547eec9.r2.dev/image/feminine/840046.jpg","https://pub-5966bf5d84f948c983500b6d9547eec9.r2.dev/masking_data/840046_bottom.jpg","숏","하이웨이스트","0.5559","0.4008","0.9566"
"1137283","mannish","https://pub-5966bf5d84f948c983500b6d9547eec9.r2.dev/image/mannish/1137283.jpg","https://pub-5966bf5d84f948c983500b6d9547eec9.r2.dev/masking_data/1137283_bottom.jpg","카프리","판별불가","0.2337","0.6768","0.9106"
"892778","romantic","https://pub-5966bf5d84f948c983500b6d9547eec9.r2.dev/image/romantic/892778.jpg","https://pub-5966bf5d84f948c983500b6d9547eec9.r2.dev/masking_data/892778_bottom.jpg","초숏","normal","0.5255","0.4479","0.9735"
"1084670","street","https://pub-5966bf5d84f948c983500b6d9547eec9.r2.dev/image/street/1084670.jpg","https://pub-5966bf5d84f948c983500b6d9547eec9.r2.dev/masking_data/1084670_bottom.jpg","버뮤다","normal","0.3722","0.5479","0.92"
"415154","street","https://pub-5966bf5d84f948c983500b6d9547eec9.r2.dev/image/street/415154.jpg","https://pub-5966bf5d84f948c983500b6d9547eec9.r2.dev/masking_data/415154_bottom.jpg","맥시","판별불가","0.3234","0.6086","0.932"
"1197581","street","https://pub-5966bf5d84f948c983500b6d9547eec9.r2.dev/image/street/1197581.jpg","https://pub-5966bf5d84f948c983500b6d9547eec9.r2.dev/masking_data/1197581_bottom.jpg","판별불가","하이웨이스트","0.4646","0.4462","0.9108"
"871728","street","https://pub-5966bf5d84f948c983500b6d9547eec9.r2.dev/image/street/871728.jpg","https://pub-5966bf5d84f948c983500b6d9547eec9.r2.dev/masking_data/871728_bottom.jpg","발목","normal","0.2479","0.6256","0.8735"
"1141704","street","https://pub-5966bf5d84f948c983500b6d9547eec9.r2.dev/image/street/1141704.jpg","https://pub-5966bf5d84f948c983500b6d9547eec9.r2.dev/masking_data/1141704_bottom.jpg","미디","normal","0.3981","0.5573","0.9554"
"1096877","feminine","https://pub-5966bf5d84f948c983500b6d9547eec9.r2.dev/image/feminine/1096877.jpg","https://pub-5966bf5d84f948c983500b6d9547eec9.r2.dev/masking_data/1096877_bottom.jpg","숏","하이웨이스트","0.4345","0.5256","0.9601"
"238918","genderless","https://pub-5966bf5d84f948c983500b6d9547eec9.r2.dev/image/genderless/238918.jpg","https://pub-5966bf5d84f948c983500b6d9547eec9.r2.dev/masking_data/238918_bottom.jpg","카프리","normal","0.2658","0.6475","0.9133"
"539726","feminine","https://pub-5966bf5d84f948c983500b6d9547eec9.r2.dev/image/feminine/539726.jpg","https://pub-5966bf5d84f948c983500b6d9547eec9.r2.dev/masking_data/539726_bottom.jpg","초숏","하이웨이스트","0.5291","0.4575","0.9866"
"820558","avant_garde","https://pub-5966bf5d84f948c983500b6d9547eec9.r2.dev/image/avant_garde/820558.jpg","https://pub-5966bf5d84f948c983500b6d9547eec9.r2.dev/masking_data/820558_bottom.jpg","버뮤다","하이웨이스트","0.5302","0.3936","0.9239"
"703198","country","https://pub-5966bf5d84f948c983500b6d9547eec9.r2.dev/image/country/703198.jpg","https://pub-5966bf5d84f948c983500b6d9547eec9.r2.dev/masking_data/703198_bottom.jpg","맥시","판별불가","0.3014","0.6363","0.9377"
"648398","feminine","https://pub-5966bf5d84f948c983500b6d9547eec9.r2.dev/image/feminine/648398.jpg","https://pub-5966bf5d84f948c983500b6d9547eec9.r2.dev/masking_data/648398_bottom.jpg","판별불가","판별불가","0.3272","0.6014","0.9286"
"728924","sophisticated","https://pub-5966bf5d84f948c983500b6d9547eec9.r2.dev/image/sophisticated/728924.jpg","https://pub-5966bf5d84f948c983500b6d9547eec9.r2.dev/masking_data/728924_bottom.jpg","발목","normal","0.236","0.6388","0.8748"
"1164474","street","https://pub-5966bf5d84f948c983500b6d9547eec9.r2.dev/image/street/1164474.jpg","https://pub-5966bf5d84f948c983500b6d9547eec9.r2.dev/masking_data/1164474_bottom.jpg","미디","판별불가","0.3624","0.6151","0.9775"
"99677","street","https://pub-5966bf5d84f948c983500b6d9547eec9.r2.dev/image/street/99677.jpg","https://pub-5966bf5d84f948c983500b6d9547eec9.r2.dev/masking_data/99677_bottom.jpg","숏","하이웨이스트","0.5162","0.4529","0.9691"
"807708","street","https://pub-5966bf5d84f948c983500b6d9547eec9.r2.dev/image/street/807708.jpg","https://pub-5966bf5d84f948c983500b6d9547eec9.r2.dev/masking_data/807708_bottom.jpg","카프리","normal","0.2774","0.6364","0.9138"
"1330712","modern","https://pub-5966bf5d84f948c983500b6d9547eec9.r2.dev/image/modern/1330712.jpg","https://pub-5966bf5d84f948c983500b6d9547eec9.r2.dev/masking_data/1330712_bottom.jpg","초숏","판별불가","0.2354","0.7523","0.9876"
"1267556","street","https://pub-5966bf5d84f948c983500b6d9547eec9.r2.dev/image/street/1267556.jpg","https://pub-5966bf5d84f948c983500b6d9547eec9.r2.dev/masking_data/1267556_bottom.jpg","버뮤다","normal","0.4403","0.4855","0.9258"
"344779","street","https://pub-5966bf5d84f948c983500b6d9547eec9.r2.dev/image/street/344779.jpg","https://pub-5966bf5d84f948c983500b6d9547eec9.r2.dev/masking_data/344779_bottom.jpg","맥시","normal","0.3847","0.595","0.9797"
"747022","mannish","https://pub-5966bf5d84f948c983500b6d9547eec9.r2.dev/image/mannish/747022.jpg","https://pub-5966bf5d84f948c983500b6d9547eec9.r2.dev/masking_data/747022_bottom.jpg","판별불가","판별불가","0.3702","0.5871","0.9573"
"1011885","mannish","https://pub-5966bf5d84f948c983500b6d9547eec9.r2.dev/image/mannish/1011885.jpg","https://pub-5966bf5d84f948c983500b6d9547eec9.r2.dev/masking_data/1011885_bottom.jpg","발목","판별불가","0.415","0.4653","0.8802"
"268592","resort","https://pub-5966bf5d84f948c983500b6d9547eec9.r2.dev/image/resort/268592.jpg","https://pub-5966bf5d84f948c983500b6d9547eec9.r2.dev/masking_data/268592_bottom.jpg","미디","판별불가","0.5621","0.4317","0.9938"
"967802","romantic","https://pub-5966bf5d84f948c983500b6d9547eec9.r2.dev/image/romantic/967802.jpg","https://pub-5966bf5d84f948c983500b6d9547eec9.r2.dev/masking_data/967802_bottom.jpg","숏","normal","0.5025","0.4672","0.9696"
"925204","street","https://pub-5966bf5d84f948c983500b6d9547eec9.r2.dev/image/street/925204.jpg","https://pub-5966bf5d84f948c983500b6d9547eec9.r2.dev/masking_data/925204_bottom.jpg","카프리","판별불가","0.3794","0.5563","0.9357"
"894696","street","https://pub-5966bf5d84f948c983500b6d9547eec9.r2.dev/image/street/894696.jpg","https://pub-5966bf5d84f948c983500b6d9547eec9.r2.dev/masking_data/894696_bottom.jpg","초숏","normal","0.5138","0.4759","0.9897"
"697547","feminine","https://pub-5966bf5d84f948c983500b6d9547eec9.r2.dev/image/feminine/697547.jpg","https://pub-5966bf5d84f948c983500b6d9547eec9.r2.dev/masking_data/697547_bottom.jpg","버뮤다","normal","0.3362","0.6075","0.9437"
"217380","country","https://pub-5966bf5d84f948c983500b6d9547eec9.r2.dev/image/country/217380.jpg","https://pub-5966bf5d84f948c983500b6d9547eec9.r2.dev/masking_data/217380_bottom.jpg","맥시","판별불가","0.5148","0.4966","1.0114"
"1281589","street","https://pub-5966bf5d84f948c983500b6d9547eec9.r2.dev/image/street/1281589.jpg","https://pub-5966bf5d84f948c983500b6d9547eec9.r2.dev/masking_data/1281589_bottom.jpg","판별불가","판별불가","0.3279","0.6388","0.9666"
"68000","modern","https://pub-5966bf5d84f948c983500b6d9547eec9.r2.dev/image/modern/68000.jpg","https://pub-5966bf5d84f948c983500b6d9547eec9.r2.dev/masking_data/68000_bottom.jpg","발목","normal","0.3582","0.5384","0.8966"
"748185","romantic","https://pub-5966bf5d84f948c983500b6d9547eec9.r2.dev/image/romantic/748185.jpg","https://pub-5966bf5d84f948c983500b6d9547eec9.r2.dev/masking_data/748185_bottom.jpg","미디","판별불가","0.4942","0.501","0.9952"
"1021343","street","https://pub-5966bf5d84f948c983500b6d9547eec9.r2.dev/image/street/1021343.jpg","https://pub-5966bf5d84f948c983500b6d9547eec9.r2.dev/masking_data/1021343_bottom.jpg","숏","판별불가","0.4397","0.5466","0.9863"
"1280824","hippie","https://pub-5966bf5d84f948c983500b6d9547eec9.r2.dev/image/hippie/1280824.jpg","https://pub-5966bf5d84f948c983500b6d9547eec9.r2.dev/masking_data/1280824_bottom.jpg","카프리","판별불가","0.4429","0.5066","0.9494"
"1029321","classic","https://pub-5966bf5d84f948c983500b6d9547eec9.r2.dev/image/classic/1029321.jpg","https://pub-5966bf5d84f948c983500b6d9547eec9.r2.dev/masking_data/1029321_bottom.jpg","초숏","판별불가","0.2505","0.742","0.9925"
"330971","resort","https://pub-5966bf5d84f948c983500b6d9547eec9.r2.dev/image/resort/330971.jpg","https://pub-5966bf5d84f948c983500b6d9547eec9.r2.dev/masking_data/330971_bottom.jpg","버뮤다","normal","0.3595","0.5858","0.9453"
"737056","street","https://pub-5966bf5d84f948c983500b6d9547eec9.r2.dev/image/street/737056.jpg","https://pub-5966bf5d84f948c983500b6d9547eec9.r2.dev/masking_data/737056_bottom.jpg","맥시","판별불가","0.6326","0.3876","1.0202"
"481372","modern","https://pub-5966bf5d84f948c983500b6d9547eec9.r2.dev/image/modern/481372.jpg","https://pub-5966bf5d84f948c983500b6d9547eec9.r2.dev/masking_data/481372_bottom.jpg","판별불가","판별불가","0.5016","0.4748","0.9763"
"1151802","country","https://pub-5966bf5d84f948c983500b6d9547eec9.r2.dev/image/country/1151802.jpg","https://pub-5966bf5d84f948c983500b6d9547eec9.r2.dev/masking_data/1151802_bottom.jpg","발목","normal","0.2731","0.6274","0.9005"
"1255461","modern","https://pub-5966bf5d84f948c983500b6d9547eec9.r2.dev/image/modern/1255461.jpg","https://pub-5966bf5d84f948c983500b6d9547eec9.r2.dev/masking_data/1255461_bottom.jpg","미디","판별불가","0.4663","0.5342","1.0005"
"258419","resort","https://pub-5966bf5d84f948c983500b6d9547eec9.r2.dev/image/resort/258419.jpg","https://pub-5966bf5d84f948c983500b6d9547eec9.r2.dev/masking_data/258419_bottom.jpg","숏","normal","0.454","0.5383","0.9923"
"1165421","street","https://pub-5966bf5d84f948c983500b6d9547eec9.r2.dev/image/street/1165421.jpg","https://pub-5966bf5d84f948c983500b6d9547eec9.r2.dev/masking_data/1165421_bottom.jpg","카프리","normal","0.315","0.6375","0.9525"
"494153","sporty","https://pub-5966bf5d84f948c983500b6d9547eec9.r2.dev/image/sporty/494153.jpg","https://pub-5966bf5d84f948c983500b6d9547eec9.r2.dev/masking_data/494153_bottom.jpg","초숏","normal","0.557","0.4457","1.0027"
"504650","street","https://pub-5966bf5d84f948c983500b6d9547eec9.r2.dev/image/street/504650.jpg","https://pub-5966bf5d84f948c983500b6d9547eec9.r2.dev/masking_data/504650_bottom.jpg","버뮤다","하이웨이스트","0.5161","0.4323","0.9484"
"6721","street","https://pub-5966bf5d84f948c983500b6d9547eec9.r2.dev/image/street/6721.jpg","https://pub-5966bf5d84f948c983500b6d9547eec9.r2.dev/masking_data/6721_bottom.jpg","맥시","normal","0.4447","0.5855","1.0302"
"238051","country","https://pub-5966bf5d84f948c983500b6d9547eec9.r2.dev/image/country/238051.jpg","https://pub-5966bf5d84f948c983500b6d9547eec9.r2.dev/masking_data/238051_bottom.jpg","판별불가","판별불가","0.3675","0.6167","0.9842"
"1328483","street","https://pub-5966bf5d84f948c983500b6d9547eec9.r2.dev/image/street/1328483.jpg","https://pub-5966bf5d84f948c983500b6d9547eec9.r2.dev/masking_data/1328483_bottom.jpg","발목","normal","0.3249","0.5789","0.9039"
"199550","feminine","https://pub-5966bf5d84f948c983500b6d9547eec9.r2.dev/image/feminine/199550.jpg","https://pub-5966bf5d84f948c983500b6d9547eec9.r2.dev/masking_data/199550_bottom.jpg","미디","하이웨이스트","0.3449","0.6556","1.0006"
"988680","street","https://pub-5966bf5d84f948c983500b6d9547eec9.r2.dev/image/street/988680.jpg","https://pub-5966bf5d84f948c983500b6d9547eec9.r2.dev/masking_data/988680_bottom.jpg","숏","normal","0.3963","0.5972","0.9935"
"1179864","modern","https://pub-5966bf5d84f948c983500b6d9547eec9.r2.dev/image/modern/1179864.jpg","https://pub-5966bf5d84f948c983500b6d9547eec9.r2.dev/masking_data/1179864_bottom.jpg","카프리","normal","0.3769","0.5793","0.9562"
"503814","sporty","https://pub-5966bf5d84f948c983500b6d9547eec9.r2.dev/image/sporty/503814.jpg","https://pub-5966bf5d84f948c983500b6d9547eec9.r2.dev/masking_data/503814_bottom.jpg","초숏","판별불가","0.3551","0.6502","1.0054"
"81581","feminine","https://pub-5966bf5d84f948c983500b6d9547eec9.r2.dev/image/feminine/81581.jpg","https://pub-5966bf5d84f948c983500b6d9547eec9.r2.dev/masking_data/81581_bottom.jpg","버뮤다","normal","0.4676","0.4873","0.9548"
"507145","romantic","https://pub-5966bf5d84f948c983500b6d9547eec9.r2.dev/image/romantic/507145.jpg","https://pub-5966bf5d84f948c983500b6d9547eec9.r2.dev/masking_data/507145_bottom.jpg","맥시","판별불가","0.2131","0.8229","1.036"
"1131728","modern","https://pub-5966bf5d84f948c983500b6d9547eec9.r2.dev/image/modern/1131728.jpg","https://pub-5966bf5d84f948c983500b6d9547eec9.r2.dev/masking_data/1131728_bottom.jpg","판별불가","하이웨이스트","0.4583","0.537","0.9953"
"942890","street","https://pub-5966bf5d84f948c983500b6d9547eec9.r2.dev/image/street/942890.jpg","https://pub-5966bf5d84f948c983500b6d9547eec9.r2.dev/masking_data/942890_bottom.jpg","발목","판별불가","0.4412","0.4655","0.9067"
"925179","street","https://pub-5966bf5d84f948c983500b6d9547eec9.r2.dev/image/street/925179.jpg","https://pub-5966bf5d84f948c983500b6d9547eec9.r2.dev/masking_data/925179_bottom.jpg","미디","normal","0.3831","0.6259","1.009"
"1053786","street","https://pub-5966bf5d84f948c983500b6d9547eec9.r2.dev/image/street/1053786.jpg","https://pub-5966bf5d84f948c983500b6d9547eec9.r2.dev/masking_data/1053786_bottom.jpg","숏","normal","0.5382","0.4842","1.0224"
"1096471","feminine","https://pub-5966bf5d84f948c983500b6d9547eec9.r2.dev/image/feminine/1096471.jpg","https://pub-5966bf5d84f948c983500b6d9547eec9.r2.dev/masking_data/1096471_bottom.jpg","카프리","판별불가","0.4972","0.4665","0.9638"
"854877","modern","https://pub-5966bf5d84f948c983500b6d9547eec9.r2.dev/image/modern/854877.jpg","https://pub-5966bf5d84f948c983500b6d9547eec9.r2.dev/masking_data/854877_bottom.jpg","초숏","판별불가","0.5206","0.5078","1.0284"
"1267513","street","https://pub-5966bf5d84f948c983500b6d9547eec9.r2.dev/image/street/1267513.jpg","https://pub-5966bf5d84f948c983500b6d9547eec9.r2.dev/masking_data/1267513_bottom.jpg","버뮤다","normal","0.336","0.6307","0.9667"
"1005788","street","https://pub-5966bf5d84f948c983500b6d9547eec9.r2.dev/image/street/1005788.jpg","https://pub-5966bf5d84f948c983500b6d9547eec9.r2.dev/masking_data/1005788_bottom.jpg","맥시","normal","0.373","0.6695","1.0425"
"1079185","street","https://pub-5966bf5d84f948c983500b6d9547eec9.r2.dev/image/street/1079185.jpg","https://pub-5966bf5d84f948c983500b6d9547eec9.r2.dev/masking_data/1079185_bottom.jpg","판별불가","판별불가","0.4185","0.5802","0.9988"
"671956","feminine","https://pub-5966bf5d84f948c983500b6d9547eec9.r2.dev/image/feminine/671956.jpg","https://pub-5966bf5d84f948c983500b6d9547eec9.r2.dev/masking_data/671956_bottom.jpg","발목","판별불가","0.2353","0.6717","0.907"
"798865","resort","https://pub-5966bf5d84f948c983500b6d9547eec9.r2.dev/image/resort/798865.jpg","https://pub-5966bf5d84f948c983500b6d9547eec9.r2.dev/masking_data/798865_bottom.jpg","미디","판별불가","0.2789","0.7408","1.0197"
"520801","modern","https://pub-5966bf5d84f948c983500b6d9547eec9.r2.dev/image/modern/520801.jpg","https://pub-5966bf5d84f948c983500b6d9547eec9.r2.dev/masking_data/520801_bottom.jpg","숏","판별불가","0.5363","0.489","1.0253"
"293274","street","https://pub-5966bf5d84f948c983500b6d9547eec9.r2.dev/image/street/293274.jpg","https://pub-5966bf5d84f948c983500b6d9547eec9.r2.dev/masking_data/293274_bottom.jpg","카프리","판별불가","0.5876","0.4045","0.9921"
"138035","street","https://pub-5966bf5d84f948c983500b6d9547eec9.r2.dev/image/street/138035.jpg","https://pub-5966bf5d84f948c983500b6d9547eec9.r2.dev/masking_data/138035_bottom.jpg","초숏","판별불가","0.3303","0.6987","1.029"
"594220","modern","https://pub-5966bf5d84f948c983500b6d9547eec9.r2.dev/image/modern/594220.jpg","https://pub-5966bf5d84f948c983500b6d9547eec9.r2.dev/masking_data/594220_bottom.jpg","버뮤다","판별불가","0.2642","0.7086","0.9728"
"1264078","street","https://pub-5966bf5d84f948c983500b6d9547eec9.r2.dev/image/street/1264078.jpg","https://pub-5966bf5d84f948c983500b6d9547eec9.r2.dev/masking_data/1264078_bottom.jpg","맥시","판별불가","0.2325","0.8123","1.0448"
"693559","street","https://pub-5966bf5d84f948c983500b6d9547eec9.r2.dev/image/street/693559.jpg","https://pub-5966bf5d84f948c983500b6d9547eec9.r2.dev/masking_data/693559_bottom.jpg","판별불가","판별불가","0.2272","0.772","0.9991"
"1270621","sporty","https://pub-5966bf5d84f948c983500b6d9547eec9.r2.dev/image/sporty/1270621.jpg","https://pub-5966bf5d84f948c983500b6d9547eec9.r2.dev/masking_data/1270621_bottom.jpg","발목","판별불가","0.2638","0.6614","0.9253"
"100662","resort","https://pub-5966bf5d84f948c983500b6d9547eec9.r2.dev/image/resort/100662.jpg","https://pub-5966bf5d84f948c983500b6d9547eec9.r2.dev/masking_data/100662_bottom.jpg","미디","normal","0.3885","0.6394","1.0278"
"801595","modern","https://pub-5966bf5d84f948c983500b6d9547eec9.r2.dev/image/modern/801595.jpg","https://pub-5966bf5d84f948c983500b6d9547eec9.r2.dev/masking_data/801595_bottom.jpg","숏","하이웨이스트","0.511","0.5317","1.0427"
"1097802","romantic","https://pub-5966bf5d84f948c983500b6d9547eec9.r2.dev/image/romantic/1097802.jpg","https://pub-5966bf5d84f948c983500b6d9547eec9.r2.dev/masking_data/1097802_bottom.jpg","카프리","하이웨이스트","0.4877","0.5341","1.0218"
"1053997","sophisticated","https://pub-5966bf5d84f948c983500b6d9547eec9.r2.dev/image/sophisticated/1053997.jpg","https://pub-5966bf5d84f948c983500b6d9547eec9.r2.dev/masking_data/1053997_bottom.jpg","초숏","normal","0.4107","0.6216","1.0323"
"259893","street","https://pub-5966bf5d84f948c983500b6d9547eec9.r2.dev/image/street/259893.jpg","https://pub-5966bf5d84f948c983500b6d9547eec9.r2.dev/masking_data/259893_bottom.jpg","버뮤다","하이웨이스트","0.3881","0.594","0.9821"
"310466","street","https://pub-5966bf5d84f948c983500b6d9547eec9.r2.dev/image/street/310466.jpg","https://pub-5966bf5d84f948c983500b6d9547eec9.r2.dev/masking_data/310466_bottom.jpg","맥시","판별불가","0.3181","0.7291","1.0472"
"931293","street","https://pub-5966bf5d84f948c983500b6d9547eec9.r2.dev/image/street/931293.jpg","https://pub-5966bf5d84f948c983500b6d9547eec9.r2.dev/masking_data/931293_bottom.jpg","판별불가","normal","0.3539","0.6748","1.0287"
"1270778","street","https://pub-5966bf5d84f948c983500b6d9547eec9.r2.dev/image/street/1270778.jpg","https://pub-5966bf5d84f948c983500b6d9547eec9.r2.dev/masking_data/1270778_bottom.jpg","발목","판별불가","0.4023","0.5336","0.9359"
"1037017","resort","https://pub-5966bf5d84f948c983500b6d9547eec9.r2.dev/image/resort/1037017.jpg","https://pub-5966bf5d84f948c983500b6d9547eec9.r2.dev/masking_data/1037017_bottom.jpg","미디","normal","0.3624","0.6738","1.0361"
"737091","country","https://pub-5966bf5d84f948c983500b6d9547eec9.r2.dev/image/country/737091.jpg","https://pub-5966bf5d84f948c983500b6d9547eec9.r2.dev/masking_data/737091_bottom.jpg","숏","판별불가","0.3029","0.7416","1.0445"
"90149","romantic","https://pub-5966bf5d84f948c983500b6d9547eec9.r2.dev/image/romantic/90149.jpg","https://pub-5966bf5d84f948c983500b6d9547eec9.r2.dev/masking_data/90149_bottom.jpg","카프리","하이웨이스트","0.5174","0.5077","1.0251"
"915905","street","https://pub-5966bf5d84f948c983500b6d9547eec9.r2.dev/image/street/915905.jpg","https://pub-5966bf5d84f948c983500b6d9547eec9.r2.dev/masking_data/915905_bottom.jpg","초숏","하이웨이스트","0.4089","0.6269","1.0358"
"493501","street","https://pub-5966bf5d84f948c983500b6d9547eec9.r2.dev/image/street/493501.jpg","https://pub-5966bf5d84f948c983500b6d9547eec9.r2.dev/masking_data/493501_bottom.jpg","버뮤다","판별불가","0.2718","0.7273","0.9991"
"1127297","street","https://pub-5966bf5d84f948c983500b6d9547eec9.r2.dev/image/street/1127297.jpg","https://pub-5966bf5d84f948c983500b6d9547eec9.r2.dev/masking_data/1127297_bottom.jpg","맥시","판별불가","0.236","0.8132","1.0491"
"887202","street","https://pub-5966bf5d84f948c983500b6d9547eec9.r2.dev/image/street/887202.jpg","https://pub-5966bf5d84f948c983500b6d9547eec9.r2.dev/masking_data/887202_bottom.jpg","판별불가","판별불가","0.3163","0.7185","1.0348"
"789976","street","https://pub-5966bf5d84f948c983500b6d9547eec9.r2.dev/image/street/789976.jpg","https://pub-5966bf5d84f948c983500b6d9547eec9.r2.dev/masking_data/789976_bottom.jpg","발목","normal","0.4559","0.4893","0.9451"
"761991","modern","https://pub-5966bf5d84f948c983500b6d9547eec9.r2.dev/image/modern/761991.jpg","https://pub-5966bf5d84f948c983500b6d9547eec9.r2.dev/masking_data/761991_bottom.jpg","미디","하이웨이스트","0.4366","0.6029","1.0395"
"517193","street","https://pub-5966bf5d84f948c983500b6d9547eec9.r2.dev/image/street/517193.jpg","https://pub-5966bf5d84f948c983500b6d9547eec9.r2.dev/masking_data/517193_bottom.jpg","숏","normal","0.469","0.5768","1.0458"
"965912","romantic","https://pub-5966bf5d84f948c983500b6d9547eec9.r2.dev/image/romantic/965912.jpg","https://pub-5966bf5d84f948c983500b6d9547eec9.r2.dev/masking_data/965912_bottom.jpg","카프리","판별불가","0.6429","0.3827","1.0256"
"1079000","street","https://pub-5966bf5d84f948c983500b6d9547eec9.r2.dev/image/street/1079000.jpg","https://pub-5966bf5d84f948c983500b6d9547eec9.r2.dev/masking_data/1079000_bottom.jpg","초숏","normal","0.3255","0.713","1.0385"
"982358","tomboy","https://pub-5966bf5d84f948c983500b6d9547eec9.r2.dev/image/tomboy/982358.jpg","https://pub-5966bf5d84f948c983500b6d9547eec9.r2.dev/masking_data/982358_bottom.jpg","버뮤다","하이웨이스트","0.4328","0.5695","1.0023"
"1302173","resort","https://pub-5966bf5d84f948c983500b6d9547eec9.r2.dev/image/resort/1302173.jpg","https://pub-5966bf5d84f948c983500b6d9547eec9.r2.dev/masking_data/1302173_bottom.jpg","맥시","normal","0.4672","0.5852","1.0524"
"1093611","street","https://pub-5966bf5d84f948c983500b6d9547eec9.r2.dev/image/street/1093611.jpg","https://pub-5966bf5d84f948c983500b6d9547eec9.r2.dev/masking_data/1093611_bottom.jpg","판별불가","판별불가","0.5432","0.5169","1.0601"
"924022","genderless","https://pub-5966bf5d84f948c983500b6d9547eec9.r2.dev/image/genderless/924022.jpg","https://pub-5966bf5d84f948c983500b6d9547eec9.r2.dev/masking_data/924022_bottom.jpg","발목","normal","0.3749","0.5766","0.9516"
"439897","street","https://pub-5966bf5d84f948c983500b6d9547eec9.r2.dev/image/street/439897.jpg","https://pub-5966bf5d84f948c983500b6d9547eec9.r2.dev/masking_data/439897_bottom.jpg","미디","normal","0.4212","0.6318","1.053"
"310331","feminine","https://pub-5966bf5d84f948c983500b6d9547eec9.r2.dev/image/feminine/310331.jpg","https://pub-5966bf5d84f948c983500b6d9547eec9.r2.dev/masking_data/310331_bottom.jpg","숏","하이웨이스트","0.478","0.5686","1.0466"
"806272","sophisticated","https://pub-5966bf5d84f948c983500b6d9547eec9.r2.dev/image/sophisticated/806272.jpg","https://pub-5966bf5d84f948c983500b6d9547eec9.r2.dev/masking_data/806272_bottom.jpg","카프리","하이웨이스트","0.5958","0.4416","1.0375"
"898671","feminine","https://pub-5966bf5d84f948c983500b6d9547eec9.r2.dev/image/feminine/898671.jpg","https://pub-5966bf5d84f948c983500b6d9547eec9.r2.dev/masking_data/898671_bottom.jpg","초숏","판별불가","0.4395","0.613","1.0525"
"152412","resort","https://pub-5966bf5d84f948c983500b6d9547eec9.r2.dev/image/resort/152412.jpg","https://pub-5966bf5d84f948c983500b6d9547eec9.r2.dev/masking_data/152412_bottom.jpg","버뮤다","하이웨이스트","0.4745","0.529","1.0035"
"879505","modern","https://pub-5966bf5d84f948c983500b6d9547eec9.r2.dev/image/modern/879505.jpg","https://pub-5966bf5d84f948c983500b6d9547eec9.r2.dev/masking_data/879505_bottom.jpg","맥시","판별불가","0.3835","0.6739","1.0574"
"615148","resort","https://pub-5966bf5d84f948c983500b6d9547eec9.r2.dev/image/resort/615148.jpg","https://pub-5966bf5d84f948c983500b6d9547eec9.r2.dev/masking_data/615148_bottom.jpg","판별불가","판별불가","0.2567","0.8043","1.061"
"1269355","street","https://pub-5966bf5d84f948c983500b6d9547eec9.r2.dev/image/street/1269355.jpg","https://pub-5966bf5d84f948c983500b6d9547eec9.r2.dev/masking_data/1269355_bottom.jpg","발목","판별불가","0.4272","0.5258","0.953"
"850044","street","https://pub-5966bf5d84f948c983500b6d9547eec9.r2.dev/image/street/850044.jpg","https://pub-5966bf5d84f948c983500b6d9547eec9.r2.dev/masking_data/850044_bottom.jpg","미디","판별불가","0.5239","0.5413","1.0653"
"1010354","street","https://pub-5966bf5d84f948c983500b6d9547eec9.r2.dev/image/street/1010354.jpg","https://pub-5966bf5d84f948c983500b6d9547eec9.r2.dev/masking_data/1010354_bottom.jpg","숏","normal","0.5001","0.5479","1.048"
"742057","feminine","https://pub-5966bf5d84f948c983500b6d9547eec9.r2.dev/image/feminine/742057.jpg","https://pub-5966bf5d84f948c983500b6d9547eec9.r2.dev/masking_data/742057_bottom.jpg","카프리","하이웨이스트","0.5527","0.493","1.0456"
"1161503","romantic","https://pub-5966bf5d84f948c983500b6d9547eec9.r2.dev/image/romantic/1161503.jpg","https://pub-5966bf5d84f948c983500b6d9547eec9.r2.dev/masking_data/1161503_bottom.jpg","초숏","normal","0.561","0.5047","1.0657"
"558792","street","https://pub-5966bf5d84f948c983500b6d9547eec9.r2.dev/image/street/558792.jpg","https://pub-5966bf5d84f948c983500b6d9547eec9.r2.dev/masking_data/558792_bottom.jpg","버뮤다","판별불가","0.4211","0.5835","1.0046"
"630525","resort","https://pub-5966bf5d84f948c983500b6d9547eec9.r2.dev/image/resort/630525.jpg","https://pub-5966bf5d84f948c983500b6d9547eec9.r2.dev/masking_data/630525_bottom.jpg","맥시","normal","0.3478","0.71","1.0578"
"543717","street","https://pub-5966bf5d84f948c983500b6d9547eec9.r2.dev/image/street/543717.jpg","https://pub-5966bf5d84f948c983500b6d9547eec9.r2.dev/masking_data/543717_bottom.jpg","판별불가","판별불가","0.4676","0.5946","1.0622"
"55281","street","https://pub-5966bf5d84f948c983500b6d9547eec9.r2.dev/image/street/55281.jpg","https://pub-5966bf5d84f948c983500b6d9547eec9.r2.dev/masking_data/55281_bottom.jpg","발목","normal","0.2755","0.6779","0.9535"
"331495","street","https://pub-5966bf5d84f948c983500b6d9547eec9.r2.dev/image/street/331495.jpg","https://pub-5966bf5d84f948c983500b6d9547eec9.r2.dev/masking_data/331495_bottom.jpg","미디","normal","0.4323","0.6379","1.0702"
"1048684","street","https://pub-5966bf5d84f948c983500b6d9547eec9.r2.dev/image/street/1048684.jpg","https://pub-5966bf5d84f948c983500b6d9547eec9.r2.dev/masking_data/1048684_bottom.jpg","숏","하이웨이스트","0.5287","0.5197","1.0485"
"1117293","feminine","https://pub-5966bf5d84f948c983500b6d9547eec9.r2.dev/image/feminine/1117293.jpg","https://pub-5966bf5d84f948c983500b6d9547eec9.r2.dev/masking_data/1117293_bottom.jpg","카프리","normal","0.5224","0.5242","1.0467"
"698931","street","https://pub-5966bf5d84f948c983500b6d9547eec9.r2.dev/image/street/698931.jpg","https://pub-5966bf5d84f948c983500b6d9547eec9.r2.dev/masking_data/698931_bottom.jpg","초숏","normal","0.5984","0.475","1.0734"
"425089","resort","https://pub-5966bf5d84f948c983500b6d9547eec9.r2.dev/image/resort/425089.jpg","https://pub-5966bf5d84f948c983500b6d9547eec9.r2.dev/masking_data/425089_bottom.jpg","버뮤다","normal","0.3207","0.6903","1.011"
"267770","street","https://pub-5966bf5d84f948c983500b6d9547eec9.r2.dev/image/street/267770.jpg","https://pub-5966bf5d84f948c983500b6d9547eec9.r2.dev/masking_data/267770_bottom.jpg","맥시","normal","0.2678","0.7922","1.06"
"918861","modern","https://pub-5966bf5d84f948c983500b6d9547eec9.r2.dev/image/modern/918861.jpg","https://pub-5966bf5d84f948c983500b6d9547eec9.r2.dev/masking_data/918861_bottom.jpg","판별불가","판별불가","0.5612","0.5204","1.0816"
"759784","street","https://pub-5966bf5d84f948c983500b6d9547eec9.r2.dev/image/street/759784.jpg","https://pub-5966bf5d84f948c983500b6d9547eec9.r2.dev/masking_data/759784_bottom.jpg","발목","판별불가","0.501","0.4536","0.9545"
"886594","street","https://pub-5966bf5d84f948c983500b6d9547eec9.r2.dev/image/street/886594.jpg","https://pub-5966bf5d84f948c983500b6d9547eec9.r2.dev/masking_data/886594_bottom.jpg","미디","하이웨이스트","0.7108","0.3635","1.0743"
"828831","romantic","https://pub-5966bf5d84f948c983500b6d9547eec9.r2.dev/image/romantic/828831.jpg","https://pub-5966bf5d84f948c983500b6d9547eec9.r2.dev/masking_data/828831_bottom.jpg","숏","normal","0.6484","0.4001","1.0485"
"972697","street","https://pub-5966bf5d84f948c983500b6d9547eec9.r2.dev/image/street/972697.jpg","https://pub-5966bf5d84f948c983500b6d9547eec9.r2.dev/masking_data/972697_bottom.jpg","카프리","하이웨이스트","0.4403","0.6079","1.0482"
"599146","modern","https://pub-5966bf5d84f948c983500b6d9547eec9.r2.dev/image/modern/599146.jpg","https://pub-5966bf5d84f948c983500b6d9547eec9.r2.dev/masking_data/599146_bottom.jpg","초숏","판별불가","0.3734","0.7049","1.0783"
"108677","modern","https://pub-5966bf5d84f948c983500b6d9547eec9.r2.dev/image/modern/108677.jpg","https://pub-5966bf5d84f948c983500b6d9547eec9.r2.dev/masking_data/108677_bottom.jpg","버뮤다","판별불가","0.6219","0.3992","1.0211"
"1134246","street","https://pub-5966bf5d84f948c983500b6d9547eec9.r2.dev/image/street/1134246.jpg","https://pub-5966bf5d84f948c983500b6d9547eec9.r2.dev/masking_data/1134246_bottom.jpg","맥시","normal","0.591","0.4792","1.0702"
"165853","street","https://pub-5966bf5d84f948c983500b6d9547eec9.r2.dev/image/street/165853.jpg","https://pub-5966bf5d84f948c983500b6d9547eec9.r2.dev/masking_data/165853_bottom.jpg","판별불가","판별불가","0.4419","0.6501","1.092"
"839395","street","https://pub-5966bf5d84f948c983500b6d9547eec9.r2.dev/image/street/839395.jpg","https://pub-5966bf5d84f948c983500b6d9547eec9.r2.dev/masking_data/839395_bottom.jpg","발목","판별불가","0.3565","0.5981","0.9546"
"488608","street","https://pub-5966bf5d84f948c983500b6d9547eec9.r2.dev/image/street/488608.jpg","https://pub-5966bf5d84f948c983500b6d9547eec9.r2.dev/masking_data/488608_bottom.jpg","미디","하이웨이스트","0.606","0.4735","1.0795"
"213992","street","https://pub-5966bf5d84f948c983500b6d9547eec9.r2.dev/image/street/213992.jpg","https://pub-5966bf5d84f948c983500b6d9547eec9.r2.dev/masking_data/213992_bottom.jpg","숏","판별불가","0.5842","0.4676","1.0519"
"157575","street","https://pub-5966bf5d84f948c983500b6d9547eec9.r2.dev/image/street/157575.jpg","https://pub-5966bf5d84f948c983500b6d9547eec9.r2.dev/masking_data/157575_bottom.jpg","카프리","normal","0.4528","0.6013","1.0541"
"1185075","street","https://pub-5966bf5d84f948c983500b6d9547eec9.r2.dev/image/street/1185075.jpg","https://pub-5966bf5d84f948c983500b6d9547eec9.r2.dev/masking_data/1185075_bottom.jpg","초숏","판별불가","0.4495","0.632","1.0815"
"1227158","modern","https://pub-5966bf5d84f948c983500b6d9547eec9.r2.dev/image/modern/1227158.jpg","https://pub-5966bf5d84f948c983500b6d9547eec9.r2.dev/masking_data/1227158_bottom.jpg","버뮤다","하이웨이스트","0.5566","0.4646","1.0212"
"242240","classic","https://pub-5966bf5d84f948c983500b6d9547eec9.r2.dev/image/classic/242240.jpg","https://pub-5966bf5d84f948c983500b6d9547eec9.r2.dev/masking_data/242240_bottom.jpg","맥시","normal","0.3242","0.7549","1.0791"
"1272330","street","https://pub-5966bf5d84f948c983500b6d9547eec9.r2.dev/image/street/1272330.jpg","https://pub-5966bf5d84f948c983500b6d9547eec9.r2.dev/masking_data/1272330_bottom.jpg","판별불가","normal","0.3154","0.7873","1.1027"
"982140","sophisticated","https://pub-5966bf5d84f948c983500b6d9547eec9.r2.dev/image/sophisticated/982140.jpg","https://pub-5966bf5d84f948c983500b6d9547eec9.r2.dev/masking_data/982140_bottom.jpg","발목","normal","0.429","0.5285","0.9575"
"1160008","resort","https://pub-5966bf5d84f948c983500b6d9547eec9.r2.dev/image/resort/1160008.jpg","https://pub-5966bf5d84f948c983500b6d9547eec9.r2.dev/masking_data/1160008_bottom.jpg","미디","판별불가","0.3344","0.757","1.0914"
"241543","romantic","https://pub-5966bf5d84f948c983500b6d9547eec9.r2.dev/image/romantic/241543.jpg","https://pub-5966bf5d84f948c983500b6d9547eec9.r2.dev/masking_data/241543_bottom.jpg","숏","하이웨이스트","0.4278","0.6283","1.0561"
"1063499","feminine","https://pub-5966bf5d84f948c983500b6d9547eec9.r2.dev/image/feminine/1063499.jpg","https://pub-5966bf5d84f948c983500b6d9547eec9.r2.dev/masking_data/1063499_bottom.jpg","카프리","normal","0.6562","0.3997","1.056"
"1009456","resort","https://pub-5966bf5d84f948c983500b6d9547eec9.r2.dev/image/resort/1009456.jpg","https://pub-5966bf5d84f948c983500b6d9547eec9.r2.dev/masking_data/1009456_bottom.jpg","초숏","판별불가","0.3647","0.7314","1.0961"
"1095772","street","https://pub-5966bf5d84f948c983500b6d9547eec9.r2.dev/image/street/1095772.jpg","https://pub-5966bf5d84f948c983500b6d9547eec9.r2.dev/masking_data/1095772_bottom.jpg","버뮤다","하이웨이스트","0.6383","0.3888","1.0271"
"542992","street","https://pub-5966bf5d84f948c983500b6d9547eec9.r2.dev/image/street/542992.jpg","https://pub-5966bf5d84f948c983500b6d9547eec9.r2.dev/masking_data/542992_bottom.jpg","맥시","판별불가","0.5961","0.4999","1.096"
"172129","street","https://pub-5966bf5d84f948c983500b6d9547eec9.r2.dev/image/street/172129.jpg","https://pub-5966bf5d84f948c983500b6d9547eec9.r2.dev/masking_data/172129_bottom.jpg","판별불가","판별불가","0.2083","0.9076","1.1159"
"135337","sophisticated","https://pub-5966bf5d84f948c983500b6d9547eec9.r2.dev/image/sophisticated/135337.jpg","https://pub-5966bf5d84f948c983500b6d9547eec9.r2.dev/masking_data/135337_bottom.jpg","발목","판별불가","0.4102","0.5503","0.9605"
"2876","street","https://pub-5966bf5d84f948c983500b6d9547eec9.r2.dev/image/street/2876.jpg","https://pub-5966bf5d84f948c983500b6d9547eec9.r2.dev/masking_data/2876_bottom.jpg","미디","판별불가","0.4454","0.6461","1.0915"
"1298989","street","https://pub-5966bf5d84f948c983500b6d9547eec9.r2.dev/image/street/1298989.jpg","https://pub-5966bf5d84f948c983500b6d9547eec9.r2.dev/masking_data/1298989_bottom.jpg","숏","normal","0.505","0.5639","1.0689"
"980254","feminine","https://pub-5966bf5d84f948c983500b6d9547eec9.r2.dev/image/feminine/980254.jpg","https://pub-5966bf5d84f948c983500b6d9547eec9.r2.dev/masking_data/980254_bottom.jpg","카프리","판별불가","0.3935","0.6688","1.0622"
"1140893","street","https://pub-5966bf5d84f948c983500b6d9547eec9.r2.dev/image/street/1140893.jpg","https://pub-5966bf5d84f948c983500b6d9547eec9.r2.dev/masking_data/1140893_bottom.jpg","초숏","normal","0.6577","0.4513","1.109"
"702512","modern","https://pub-5966bf5d84f948c983500b6d9547eec9.r2.dev/image/modern/702512.jpg","https://pub-5966bf5d84f948c983500b6d9547eec9.r2.dev/masking_data/702512_bottom.jpg","버뮤다","판별불가","0.2896","0.7449","1.0345"
"1176849","country","https://pub-5966bf5d84f948c983500b6d9547eec9.r2.dev/image/country/1176849.jpg","https://pub-5966bf5d84f948c983500b6d9547eec9.r2.dev/masking_data/1176849_bottom.jpg","맥시","판별불가","0.5619","0.5343","1.0961"
"580488","modern","https://pub-5966bf5d84f948c983500b6d9547eec9.r2.dev/image/modern/580488.jpg","https://pub-5966bf5d84f948c983500b6d9547eec9.r2.dev/masking_data/580488_bottom.jpg","판별불가","판별불가","0.3994","0.719","1.1184"
"578900","street","https://pub-5966bf5d84f948c983500b6d9547eec9.r2.dev/image/street/578900.jpg","https://pub-5966bf5d84f948c983500b6d9547eec9.r2.dev/masking_data/578900_bottom.jpg","발목","판별불가","0.3068","0.6575","0.9643"
"1136486","tomboy","https://pub-5966bf5d84f948c983500b6d9547eec9.r2.dev/image/tomboy/1136486.jpg","https://pub-5966bf5d84f948c983500b6d9547eec9.r2.dev/masking_data/1136486_bottom.jpg","미디","normal","0.313","0.7793","1.0923"
"525225","romantic","https://pub-5966bf5d84f948c983500b6d9547eec9.r2.dev/image/romantic/525225.jpg","https://pub-5966bf5d84f948c983500b6d9547eec9.r2.dev/masking_data/525225_bottom.jpg","숏","하이웨이스트","0.5445","0.5411","1.0856"
"305278","resort","https://pub-5966bf5d84f948c983500b6d9547eec9.r2.dev/image/resort/305278.jpg","https://pub-5966bf5d84f948c983500b6d9547eec9.r2.dev/masking_data/305278_bottom.jpg","카프리","판별불가","0.379","0.6871","1.0661"
"1010946","street","https://pub-5966bf5d84f948c983500b6d9547eec9.r2.dev/image/street/1010946.jpg","https://pub-5966bf5d84f948c983500b6d9547eec9.r2.dev/masking_data/1010946_bottom.jpg","초숏","normal","0.6873","0.4223","1.1096"
"1269636","street","https://pub-5966bf5d84f948c983500b6d9547eec9.r2.dev/image/street/1269636.jpg","https://pub-5966bf5d84f948c983500b6d9547eec9.r2.dev/masking_data/1269636_bottom.jpg","버뮤다","판별불가","0.4686","0.5675","1.0361"
"849208","street","https://pub-5966bf5d84f948c983500b6d9547eec9.r2.dev/image/street/849208.jpg","https://pub-5966bf5d84f948c983500b6d9547eec9.r2.dev/masking_data/849208_bottom.jpg","맥시","판별불가","0.389","0.7169","1.1058"
"401607","genderless","https://pub-5966bf5d84f948c983500b6d9547eec9.r2.dev/image/genderless/401607.jpg","https://pub-5966bf5d84f948c983500b6d9547eec9.r2.dev/masking_data/401607_bottom.jpg","판별불가","판별불가","0.3684","0.7587","1.127"
"593582","modern","https://pub-5966bf5d84f948c983500b6d9547eec9.r2.dev/image/modern/593582.jpg","https://pub-5966bf5d84f948c983500b6d9547eec9.r2.dev/masking_data/593582_bottom.jpg","발목","판별불가","0.4849","0.4908","0.9757"
"929271","street","https://pub-5966bf5d84f948c983500b6d9547eec9.r2.dev/image/street/929271.jpg","https://pub-5966bf5d84f948c983500b6d9547eec9.r2.dev/masking_data/929271_bottom.jpg","미디","normal","0.2799","0.8139","1.0938"
"837674","romantic","https://pub-5966bf5d84f948c983500b6d9547eec9.r2.dev/image/romantic/837674.jpg","https://pub-5966bf5d84f948c983500b6d9547eec9.r2.dev/masking_data/837674_bottom.jpg","숏","판별불가","0.4089","0.68","1.089"
"508519","resort","https://pub-5966bf5d84f948c983500b6d9547eec9.r2.dev/image/resort/508519.jpg","https://pub-5966bf5d84f948c983500b6d9547eec9.r2.dev/masking_data/508519_bottom.jpg","카프리","판별불가","0.294","0.7774","1.0714"
"772802","street","https://pub-5966bf5d84f948c983500b6d9547eec9.r2.dev/image/street/772802.jpg","https://pub-5966bf5d84f948c983500b6d9547eec9.r2.dev/masking_data/772802_bottom.jpg","초숏","normal","0.3201","0.7909","1.1109"
"329856","street","https://pub-5966bf5d84f948c983500b6d9547eec9.r2.dev/image/street/329856.jpg","https://pub-5966bf5d84f948c983500b6d9547eec9.r2.dev/masking_data/329856_bottom.jpg","버뮤다","하이웨이스트","0.4959","0.544","1.0399"
"664550","resort","https://pub-5966bf5d84f948c983500b6d9547eec9.r2.dev/image/resort/664550.jpg","https://pub-5966bf5d84f948c983500b6d9547eec9.r2.dev/masking_data/664550_bottom.jpg","맥시","판별불가","0.6644","0.4522","1.1166"
"937189","resort","https://pub-5966bf5d84f948c983500b6d9547eec9.r2.dev/image/resort/937189.jpg","https://pub-5966bf5d84f948c983500b6d9547eec9.r2.dev/masking_data/937189_bottom.jpg","판별불가","normal","0.5886","0.541","1.1296"
"735436","street","https://pub-5966bf5d84f948c983500b6d9547eec9.r2.dev/image/street/735436.jpg","https://pub-5966bf5d84f948c983500b6d9547eec9.r2.dev/masking_data/735436_bottom.jpg","발목","normal","0.415","0.5641","0.9791"
"1219768","street","https://pub-5966bf5d84f948c983500b6d9547eec9.r2.dev/image/street/1219768.jpg","https://pub-5966bf5d84f948c983500b6d9547eec9.r2.dev/masking_data/1219768_bottom.jpg","미디","판별불가","0.4437","0.6527","1.0964"
"1341724","resort","https://pub-5966bf5d84f948c983500b6d9547eec9.r2.dev/image/resort/1341724.jpg","https://pub-5966bf5d84f948c983500b6d9547eec9.r2.dev/masking_data/1341724_bottom.jpg","숏","하이웨이스트","0.4424","0.656","1.0984"
"1061819","modern","https://pub-5966bf5d84f948c983500b6d9547eec9.r2.dev/image/modern/1061819.jpg","https://pub-5966bf5d84f948c983500b6d9547eec9.r2.dev/masking_data/1061819_bottom.jpg","카프리","판별불가","0.3033","0.7787","1.0821"
"956841","feminine","https://pub-5966bf5d84f948c983500b6d9547eec9.r2.dev/image/feminine/956841.jpg","https://pub-5966bf5d84f948c983500b6d9547eec9.r2.dev/masking_data/956841_bottom.jpg","초숏","판별불가","0.3843","0.7319","1.1162"
"896631","street","https://pub-5966bf5d84f948c983500b6d9547eec9.r2.dev/image/street/896631.jpg","https://pub-5966bf5d84f948c983500b6d9547eec9.r2.dev/masking_data/896631_bottom.jpg","버뮤다","판별불가","0.2432","0.7986","1.0418"
"351314","street","https://pub-5966bf5d84f948c983500b6d9547eec9.r2.dev/image/street/351314.jpg","https://pub-5966bf5d84f948c983500b6d9547eec9.r2.dev/masking_data/351314_bottom.jpg","맥시","판별불가","0.2807","0.8378","1.1185"
"1259502","sophisticated","https://pub-5966bf5d84f948c983500b6d9547eec9.r2.dev/image/sophisticated/1259502.jpg","https://pub-5966bf5d84f948c983500b6d9547eec9.r2.dev/masking_data/1259502_bottom.jpg","판별불가","판별불가","0.4319","0.7033","1.1352"
"1139599","street","https://pub-5966bf5d84f948c983500b6d9547eec9.r2.dev/image/street/1139599.jpg","https://pub-5966bf5d84f948c983500b6d9547eec9.r2.dev/masking_data/1139599_bottom.jpg","발목","normal","0.4538","0.5298","0.9836"
